date,Price,Open,High,Low,Vol.,"Change %"
2024-12-31,19775,19800,19815,19740,9000,0.0005
2024-12-30,19765,19785,19885,19700,15000,0
2024-12-29,19765,19810,19885,19710,19000,-0.002
2024-12-26,19805,19880,19885,19705,25000,-0.0038
2024-12-25,19880,19950,19885,19810,32000,0.0028000000000000004
2024-12-24,19825,19935,19885,19770,28000,-0.0058
2024-12-23,19940,19915,19885,19855,29000,0.0013
2024-12-20,19915,19820,19885,19805,24000,0.004
2024-12-19,19835,19920,19885,19750,35000,-0.003
2024-12-18,19895,19880,19885,19835,37000,-0.0053
2024-12-17,20000,20150,19885,19890,53000,-0.009399999999999999
2024-12-16,20190,20350,19885,20100,1000,-0.0062
2024-12-13,20315,20380,19885,20180,4000,-0.0059
2024-12-12,20435,20340,19885,20330,4000,0.0032
2024-11-12,20370,20315,19885,20310,4000,0.0015
2024-10-12,20340,20430,19885,20270,7000,0.0002
2024-09-12,20335,20305,19885,20265,8000,-0.0007000000000000001
2024-06-12,20350,20510,19885,20285,10000,-0.0085
2024-05-12,20525,20520,19885,20435,9000,0.0059
2024-04-12,20405,20390,19885,20320,13000,0.0022
2024-03-12,20360,20350,19885,20280,11000,-0.001
2024-02-12,20380,20350,19885,20320,11000,0.0025
2024-11-29,20330,20230,19885,20220,16000,-0.0002
2024-11-28,20335,20510,19885,20210,39000,-0.009000000000000001
2024-11-27,20520,20535,19885,20460,26000,-0.0024
2024-11-26,20570,20580,19885,20505,26000,0.0017000000000000001
2024-11-25,20535,20365,19885,20350,39000,0.001
2024-11-22,20515,20650,19885,20390,45000,-0.0073
2024-11-21,20665,20720,19885,20575,37000,-0.0002
2024-11-20,20670,20500,19885,20485,40000,0.011000000000000001
2024-11-19,20445,20365,19885,20300,57000,-0.0046
2024-11-18,20540,20950,19885,20275,161000,-0.0092
2024-11-15,20730,20655,19885,20630,2000,0.0073
2024-11-14,20580,20530,19885,20500,4000,-0.0096
2024-11-13,20780,20935,19885,20670,4000,-0.015600000000000001
2024-12-11,21110,21345,19885,20860,5000,-0.0147
2024-11-11,21425,21415,19885,21310,6000,-0.009000000000000001
2024-08-11,21620,21500,19885,21500,7000,0.016
2024-07-11,21280,20910,19885,20840,8000,0.0102
2024-06-11,21065,21075,19885,20950,7000,0.006
2024-05-11,20940,20825,19885,20800,10000,0.008199999999999999
2024-04-11,20770,20885,19885,20550,10000,0.0002
2024-01-11,20765,20770,19885,20700,9000,0.0019
2024-10-31,20725,20805,19885,20640,22000,-0.0026
2024-10-30,20780,20835,19885,20700,18000,0.0017000000000000001
2024-10-29,20745,20805,19885,20665,30000,-0.0072
2024-10-28,20895,20835,19885,20810,36000,0.0055000000000000005
2024-10-25,20780,20960,19885,20580,50000,-0.0102
2024-10-24,20995,20780,19885,20780,54000,0.006500000000000001
2024-10-23,20860,20865,19885,20775,50000,0.0058
2024-10-22,20740,20805,19885,20635,44000,-0.0012
2024-10-21,20765,20700,19885,20610,60000,0.0102
2024-10-18,20555,20500,19885,20475,75000,-0.0075
2024-10-17,20710,20755,19885,20480,102000,0.0017000000000000001
2024-10-16,20675,20570,19885,20560,100000,-0.0019
2024-10-15,20715,20750,19885,20375,2000,-0.0048
2024-10-14,20815,20945,19885,20705,6000,0.0048
2024-11-10,20715,20630,19885,20605,7000,0.011200000000000002
2024-10-10,20485,20395,19885,20270,11000,-0.0012
2024-09-10,20510,20565,19885,20440,10000,-0.0068000000000000005
2024-08-10,20650,20545,19885,20500,14000,0.01
2024-09-30,20445,20375,19885,20270,18000,0.0059
2024-09-27,20325,20225,19885,20190,34000,0.014199999999999999
2024-09-26,20040,19935,19885,19935,30000,-0.004
2024-09-25,20120,20045,19885,20000,42000,0.0118
2024-09-24,19885,19765,19885,19750,49000,0.004
2024-09-23,19805,19930,19885,19705,53000,-0.011200000000000002
2024-09-20,20030,20035,19885,19960,50000,0.0058
2024-09-19,19915,19960,19885,19760,90000,0.0048
2024-09-18,19820,19920,19885,19750,2000,0.0053
2024-09-13,19715,19680,19885,19670,3000,0.0079
2024-12-09,19560,19395,19885,19355,6000,0.0137
2024-11-09,19295,19310,19885,19230,7000,-0.0016
2024-10-09,19325,19150,19885,19130,9000,0.0105
2024-09-09,19125,19280,19885,19030,8000,-0.005699999999999999
2024-06-09,19235,19240,19885,19175,9000,-0.0034000000000000002
2024-05-09,19300,19305,19885,19160,8000,-0.0039000000000000003
2024-04-09,19375,19450,19885,19315,9000,-0.0072
2024-03-09,19515,19470,19885,19450,11000,-0.0031
2024-02-09,19575,19780,19885,19485,13000,-0.0066
2024-08-30,19705,19660,19885,19595,18000,0
2024-08-29,19705,19780,19885,19610,32000,-0.0103
2024-08-28,19910,19870,19885,19855,28000,0.003
2024-08-27,19850,19875,19885,19805,26000,-0.0005
2024-08-26,19860,19850,19885,19795,42000,0.004
2024-08-23,19780,19870,19885,19705,37000,0
2024-08-22,19780,19725,19885,19660,47000,0.0036
2024-08-21,19710,19800,19885,19605,54000,0.0040999999999999995
2024-08-20,19630,19645,19885,19540,77000,0.0098
2024-08-19,19440,19295,19885,19270,112000,0.0078000000000000005
2024-08-16,19290,19205,19885,19145,123000,0.0137
2024-08-15,19030,19000,19885,18950,3000,0.0034000000000000002
2024-08-14,18965,18950,19885,18915,3000,-0.0024
2024-08-13,19010,19050,19885,18895,3000,-0.0034000000000000002
2024-12-08,19075,19140,19885,19015,6000,0.0016
2024-09-08,19045,18870,19885,18865,8000,0.0101
2024-08-08,18855,18840,19885,18770,7000,-0.0026
2024-07-08,18905,18850,19885,18850,7000,0.0060999999999999995
2024-06-08,18790,18725,19885,18690,7000,-0.0060999999999999995
2024-05-08,18905,19105,19885,18810,9000,-0.0118
2024-02-08,19130,19150,19885,19035,9000,-0.004699999999999999
2024-01-08,19220,19220,19885,19130,11000,0.0124
2024-07-31,18985,18850,19885,18765,19000,0.0003
2024-07-30,18980,19120,19885,18900,22000,-0.013500000000000002
2024-07-29,19240,19230,19885,19155,23000,0.0023
2024-07-26,19195,19125,19885,19070,28000,0.0034000000000000002
2024-07-25,19130,19315,19885,19015,47000,-0.0075
2024-07-24,19275,19315,19885,19195,34000,-0.0023
2024-07-23,19320,19345,19885,19225,38000,-0.0095
2024-07-22,19505,19525,19885,19415,41000,-0.0031
2024-07-19,19565,19600,19885,19505,46000,-0.0048
2024-07-18,19660,19750,19885,19560,45000,-0.0051
2024-07-17,19760,19765,19885,19685,64000,-0.0053
2024-07-16,19865,19995,19885,19750,81000,-0.0043
2024-07-15,19950,19930,19885,19475,4000,-0.002
2024-12-07,19990,20220,19885,19850,5000,-0.0087
2024-11-07,20165,20185,19885,20100,6000,-0.0034999999999999996
2024-10-07,20235,20365,19885,20010,9000,-0.0060999999999999995
2024-09-07,20360,20340,19885,20280,7000,0.0032
2024-08-07,20295,20305,19885,20260,10000,-0.0012
2024-05-07,20320,20370,19885,20250,11000,-0.0044
2024-04-07,20410,20450,19885,20350,9000,0.0022
2024-03-07,20365,20350,19885,20310,11000,0.0032
2024-02-07,20300,20300,19885,20230,10000,0.0027
2024-01-07,20245,20350,19885,20180,12000,0.0015
2024-06-28,20215,20195,19885,20130,17000,-0.0002
2024-06-27,20220,20295,19885,20140,23000,0.0015
2024-06-26,20190,20245,19885,20105,36000,-0.005699999999999999
2024-06-25,20305,20350,19885,20245,27000,-0.0022
2024-06-24,20350,20370,19885,20280,42000,-0.0070999999999999995
2024-06-21,20495,20565,19885,20415,27000,-0.0002
2024-06-20,20500,20455,19885,20450,28000,0.0034000000000000002
2024-06-19,20430,20340,19885,20295,32000,0.0034000000000000002
2024-06-18,20360,20240,19885,20230,53000,0.0025
2024-06-17,20310,20450,19885,20195,3000,-0.0131
2024-06-14,20580,20635,19885,20495,4000,-0.0029
2024-06-13,20640,20790,19885,20575,3000,-0.0067
2024-12-06,20780,20820,19885,20700,5000,-0.0046
2024-11-06,20875,21100,19885,20785,5000,-0.0167
2024-07-06,21230,21220,19885,21150,8000,0.0019
2024-06-06,21190,21095,19885,20995,6000,0.0017000000000000001
2024-05-06,21155,21215,19885,21050,9000,-0.004699999999999999
2024-04-06,21255,21170,19885,21095,11000,0.0028000000000000004
2024-03-06,21195,21440,19885,21025,23000,-0.008199999999999999
2024-05-31,21370,21270,19885,21220,23000,-0.0141
2024-05-30,21675,21360,19885,21285,34000,0.0207
2024-05-29,21235,21160,19885,21065,31000,0.004699999999999999
2024-05-28,21135,20880,19885,20875,28000,0.0086
2024-05-27,20955,20900,19885,20860,33000,0.0053
2024-05-24,20845,20715,19885,20705,28000,-0.0014000000000000002
2024-05-23,20875,21100,19885,20675,55000,-0.0204
2024-05-22,21310,21285,19885,21110,61000,0.011899999999999999
2024-05-21,21060,20855,19885,20785,86000,0.0021
2024-05-20,21015,20940,19885,20880,84000,0.0118
2024-05-17,20770,20655,19885,20600,98000,0.0039000000000000003
2024-05-16,20690,20545,19885,20415,153000,0.0125
2024-05-15,20435,20445,19885,20370,3000,-0.0075
2024-05-14,20590,20620,19885,20500,4000,0.0060999999999999995
2024-05-13,20465,20580,19885,20320,8000,-0.0078000000000000005
2024-10-05,20625,20610,19885,20520,7000,0.0032
2024-09-05,20560,20360,19885,20360,8000,0.005600000000000001
2024-08-05,20445,20580,19885,20360,17000,-0.0104
2024-07-05,20660,20720,19885,20560,9000,0.0007000000000000001
2024-06-05,20645,20515,19885,20470,12000,0.0039000000000000003
2024-04-30,20565,20560,19885,20475,14000,-0.0022
2024-04-29,20610,20585,19885,20500,19000,0.0059
2024-04-26,20490,20485,19885,20340,18000,0.008100000000000001
2024-04-25,20325,20240,19885,20215,30000,0.0089
2024-04-24,20145,20005,19885,19945,41000,-0.0086
2024-04-23,20320,20550,19885,20125,39000,-0.012199999999999999
2024-04-22,20570,20365,19885,20365,47000,0.0108
2024-04-19,20350,20415,19885,20240,41000,0.0005
2024-04-18,20340,20380,19885,20165,37000,0.003
2024-04-17,20280,20210,19885,20145,41000,-0.0044
2024-04-16,20370,20620,19885,20145,83000,-0.018500000000000003
2024-04-15,20755,20750,19885,20605,4000,0.0095
2024-12-04,20560,20400,19885,20330,4000,0.0111
2024-11-04,20335,20385,19885,20185,7000,0.0012
2024-10-04,20310,20210,19885,20170,9000,0.008199999999999999
2024-09-04,20145,20165,19885,20080,8000,0.0015
2024-08-04,20115,20035,19885,19890,12000,0.0131
2024-03-04,19855,19800,19885,19775,11000,0.0079
2024-02-04,19700,19740,19885,19660,10000,0.0018
2024-01-04,19665,19730,19885,19590,14000,0.0033
2024-03-29,19600,19455,19885,19455,28000,0.009000000000000001
2024-03-28,19425,19380,19885,19340,19000,0.0008
2024-03-27,19410,19515,19885,19355,29000,-0.005600000000000001
2024-03-26,19520,19470,19885,19450,40000,0.0033
2024-03-25,19455,19395,19885,19385,46000,0.0034000000000000002
2024-03-22,19390,19500,19885,19325,48000,0.0005
2024-03-21,19380,19320,19885,19290,46000,0.0068000000000000005
2024-03-20,19250,19160,19885,19150,47000,-0.0028000000000000004
2024-03-19,19305,19285,19885,19175,77000,0.0018
2024-03-18,19270,19280,19885,19210,98000,0.005
2024-03-15,19175,19105,19885,19105,3000,-0.0034000000000000002
2024-03-14,19240,19200,19885,19120,5000,0.0031
2024-03-13,19180,19180,19885,19140,6000,0.0005
2024-12-03,19170,19195,19885,19145,8000,0.0016
2024-11-03,19140,19195,19885,19085,7000,-0.0029
2024-08-03,19195,19205,19885,19155,9000,0.0052
2024-07-03,19095,19155,19885,19045,6000,0.0037
2024-06-03,19025,19100,19885,18980,8000,-0.0029
2024-05-03,19080,19000,19885,18985,10000,0.0045000000000000005
2024-04-03,18995,18995,19885,18950,12000,0
2024-01-03,18995,18965,19885,18960,14000,0.0074
2024-02-29,18855,18785,19885,18770,24000,0.0019
2024-02-28,18820,18840,19885,18785,21000,-0.0011
2024-02-27,18840,18755,19885,18755,23000,0.0043
2024-02-26,18760,18815,19885,18710,26000,-0.0032
2024-02-23,18820,18800,19885,18700,35000,0.0003
2024-02-22,18815,18975,19885,18735,41000,-0.0045000000000000005
2024-02-21,18900,18700,19885,18675,69000,0.0102
2024-02-20,18710,18755,19885,18645,60000,-0.0051
2024-02-19,18805,18950,19885,18710,2000,-0.0029
2024-08-02,18860,18915,19885,18800,3000,-0.0034000000000000002
2024-07-02,18925,18880,19885,18845,4000,0.0088
2024-06-02,18760,18715,19885,18710,5000,-0.0011
2024-05-02,18780,18875,19885,18725,6000,-0.0060999999999999995
2024-02-02,18895,18860,19885,18795,5000,-0.0037
2024-01-02,18965,19050,19885,18865,9000,-0.0013
2024-01-31,18990,18985,19885,18950,11000,0
2024-01-30,18990,19045,19885,18925,10000,-0.0045000000000000005
2024-01-29,19075,19075,19885,18910,22000,0.0024
2024-01-26,19030,18895,19885,18870,25000,0.0069
2024-01-25,18900,19045,19885,18835,32000,-0.0011
2024-01-24,18920,18710,19885,18710,32000,0.0139
2024-01-23,18660,18650,19885,18610,21000,-0.0037
2024-01-22,18730,18685,19885,18645,25000,0.0005
2024-01-19,18720,18765,19885,18645,31000,-0.004
2024-01-18,18795,18830,19885,18750,32000,-0.005600000000000001
2024-01-17,18900,18860,19885,18850,29000,0.0032
2024-01-16,18840,18850,19885,18780,38000,-0.0084
2024-01-15,19000,19050,19885,18925,3000,-0.0034000000000000002
2024-12-01,19065,19090,19885,19015,5000,-0.0005
2024-11-01,19075,19030,19885,19025,4000,-0.0029
2024-10-01,19130,19085,19885,19030,5000,0.0031
2024-09-01,19070,19080,19885,19000,8000,-0.0052
2024-08-01,19170,19210,19885,19110,12000,-0.0049
2024-05-01,19265,19230,19885,19175,10000,-0.0049
2024-04-01,19360,19400,19885,19230,13000,-0.0074
2024-03-01,19505,19765,19885,19400,14000,-0.0040999999999999995
2024-02-01,19585,19505,19885,19440,13000,0.0008
2023-12-29,19570,19495,19885,19430,21000,-0.0008
2023-12-28,19585,19460,19885,19460,31000,0.014199999999999999
2023-12-27,19310,19295,19885,19240,21000,0.0049
2023-12-26,19215,19140,19885,19130,22000,-0.001
2023-12-25,19235,19285,19885,19070,43000,0.005
2023-12-22,19140,18980,19885,18980,51000,0.009000000000000001
2023-12-21,18970,19000,19885,18920,47000,0.0003
2023-12-20,18965,18965,19885,18900,69000,0.0016
2023-12-19,18935,18950,19885,18885,100000,0.0037
2023-12-18,18865,18860,19885,18775,123000,0.0024
2023-12-15,18820,18810,19885,18800,3000,0.0086
2023-12-14,18660,18465,19885,18465,5000,0.0097
2023-12-13,18480,18540,19885,18400,6000,0
2023-12-12,18480,18410,19885,18410,7000,0.0027
2023-11-12,18430,18575,19885,18375,9000,-0.0038
2023-08-12,18500,18470,19885,18400,8000,0
2023-07-12,18500,18540,19885,18460,7000,-0.0016
2023-06-12,18530,18525,19885,18460,10000,-0.0013
2023-05-12,18555,18695,19885,18485,12000,-0.008
2023-04-12,18705,18645,19885,18645,10000,0.0043
2023-01-12,18625,18650,19885,18580,16000,-0.0005
2023-11-30,18635,18660,19885,18590,19000,-0.0034999999999999996
2023-11-29,18700,18860,19885,18550,47000,-0.009000000000000001
2023-11-28,18870,18970,19885,18810,25000,-0.0008
2023-11-27,18885,18840,19885,18740,44000,0.004
2023-11-24,18810,18825,19885,18750,46000,0.0011
2023-11-23,18790,18860,19885,18725,48000,-0.0037
2023-11-22,18860,18945,19885,18765,71000,-0.0058
2023-11-21,18970,18990,19885,18905,67000,0.0021
2023-11-20,18930,18870,19885,18805,121000,0.0032
2023-11-17,18870,18980,19885,18775,135000,-0.0045000000000000005
2023-11-16,18955,19030,19885,18915,100000,-0.0021
2023-11-15,18995,18975,19885,18945,4000,0.0029
2023-11-14,18940,18820,19885,18820,4000,0.0013
2023-11-13,18915,19070,19885,18830,7000,-0.0118
2023-10-11,19140,19115,19885,19095,7000,-0.0029
2023-09-11,19195,19235,19885,19140,6000,-0.0034000000000000002
2023-08-11,19260,19180,19885,19180,10000,-0.0021
2023-07-11,19300,19330,19885,19200,13000,0.0052
2023-06-11,19200,19305,19885,19140,16000,-0.0016
2023-03-11,19230,19250,19885,19170,10000,-0.0018
2023-02-11,19265,19360,19885,19230,9000,0.0013
2023-01-11,19240,19330,19885,19185,17000,0.0008
2023-10-31,19225,19305,19885,19000,28000,0.0021
2023-10-30,19185,19020,19885,19000,52000,0.0127
2023-10-27,18945,19100,19885,18880,47000,-0.0055000000000000005
2023-10-26,19050,19160,19885,18975,55000,-0.0003
2023-10-25,19055,18965,19885,18895,138000,0.0087
2023-10-24,18890,19000,19885,18830,116000,-0.0008
2023-10-23,18905,18965,19885,18820,121000,-0.004
2023-10-20,18980,19020,19885,18905,112000,-0.0003
2023-10-19,18985,18965,19885,18920,121000,0.0053
2023-10-18,18885,18820,19885,18780,133000,0.0027
2023-10-17,18835,18975,19885,18755,198000,-0.0097
2023-10-16,19020,19015,19885,18965,2000,-0.0018
2023-10-13,19055,19195,19885,18990,9000,-0.009399999999999999
2023-12-10,19235,19300,19885,19155,11000,-0.0039000000000000003
2023-11-10,19310,19265,19885,19225,22000,-0.0028000000000000004
2023-10-10,19365,19430,19885,19205,39000,-0.0049
2023-09-10,19460,19230,19885,19230,30000,-0.0124
2023-09-28,19705,19620,19885,19600,58000,0.0069
2023-09-27,19570,19630,19885,19510,59000,0.002
2023-09-26,19530,19575,19885,19460,71000,-0.0015
2023-09-25,19560,19620,19885,19425,165000,0.0028000000000000004
2023-09-22,19505,19350,19885,19280,204000,0.0046
2023-09-21,19415,19405,19885,19330,181000,0.0088
2023-09-20,19245,19325,19885,19150,132000,-0.0016
2023-09-19,19275,19285,19885,19195,137000,0.006
2023-09-18,19160,19280,19885,19050,209000,-0.022400000000000003
2023-09-15,19600,19530,19885,19500,6000,0.0067
2023-09-14,19470,19445,19885,19360,8000,-0.0023
2023-09-13,19515,19660,19885,19360,11000,-0.0043
2023-12-09,19600,19520,19885,19505,18000,0.0095
2023-11-09,19415,19350,19885,19275,11000,0.0036
2023-08-09,19345,19420,19885,19220,13000,-0.0026
2023-07-09,19395,19380,19885,19300,9000,0.0052
2023-06-09,19295,19240,19885,19160,10000,0.0031
2023-05-09,19235,19200,19885,19175,16000,-0.01
2023-04-09,19430,19665,19885,19185,28000,-0.0015
2023-01-09,19460,19195,19885,19180,32000,0.0173
2023-08-31,19130,19040,19885,19030,56000,0.012199999999999999
2023-08-30,18900,18815,19885,18790,60000,0.0060999999999999995
2023-08-29,18785,18700,19885,18690,68000,0.0045000000000000005
2023-08-28,18700,18700,19885,18665,67000,0.004
2023-08-25,18625,18575,19885,18525,99000,-0.0021
2023-08-24,18665,18730,19885,18605,126000,-0.0024
2023-08-23,18710,18700,19885,18655,146000,0.005600000000000001
2023-08-22,18605,18460,19885,18455,203000,0.008100000000000001
2023-08-21,18455,18400,19885,18360,145000,0.0011
2023-08-18,18435,18555,19885,18340,176000,-0.0024
2023-08-17,18480,18485,19885,18440,135000,0.0003
2023-08-16,18475,18405,19885,18390,162000,0.0046
2023-08-15,18390,18270,19885,18270,4000,0.0011
2023-08-14,18370,18360,19885,18255,6000,-0.0092
2023-11-08,18540,18580,19885,18480,6000,0.0003
2023-10-08,18535,18525,19885,18505,8000,0.003
2023-09-08,18480,18450,19885,18395,14000,-0.0016
2023-08-08,18510,18530,19885,18470,12000,0.0003
2023-07-08,18505,18520,19885,18470,12000,-0.0019
2023-04-08,18540,18460,19885,18435,9000,0.0032
2023-03-08,18480,18485,19885,18415,13000,-0.0043
2023-02-08,18560,18540,19885,18515,12000,-0.0027
2023-01-08,18610,18515,19885,18505,20000,0.0125
2023-07-31,18380,18475,19885,18335,26000,-0.0005
2023-07-28,18390,18460,19885,18325,33000,-0.0014000000000000002
2023-07-27,18415,18320,19885,18290,68000,0.0027
2023-07-26,18365,18395,19885,18315,57000,0.0022
2023-07-25,18325,18310,19885,18230,109000,0.0022
2023-07-24,18285,18305,19885,18235,140000,0.0005
2023-07-21,18275,18315,19885,18205,151000,0
2023-07-20,18275,18255,19885,18205,150000,0.0036
2023-07-19,18210,18155,19885,18115,124000,0.0003
2023-07-18,18205,18210,19885,18130,133000,-0.0087
2023-07-17,18365,18470,19885,18260,4000,-0.0126
2023-07-14,18600,18595,19885,18470,11000,0.0059
2023-07-13,18490,18360,19885,18360,14000,0.0104
2023-12-07,18300,18280,19885,18270,16000,0.0003
2023-11-07,18295,18360,19885,18250,15000,0.0008
2023-10-07,18280,18220,19885,18205,17000,0.0049
2023-07-07,18190,18235,19885,18150,14000,-0.0008
2023-06-07,18205,18165,19885,18135,20000,-0.0016
2023-05-07,18235,18270,19885,18155,19000,-0.0049
2023-04-07,18325,18390,19885,18250,16000,0.0003
2023-03-07,18320,18295,19885,18200,18000,0.0027
2023-06-30,18270,18250,19885,18180,50000,0.0019
2023-06-29,18235,18285,19885,18175,49000,-0.0036
2023-06-28,18300,18370,19885,18245,59000,0.0066
2023-06-27,18180,18150,19885,18070,120000,-0.0005
2023-06-26,18190,18295,19885,18130,171000,-0.016
2023-06-21,18485,18550,19885,18370,143000,0.0003
2023-06-20,18480,18455,19885,18395,124000,0.0008
2023-06-19,18465,18650,19885,18350,202000,-0.0046
2023-06-16,18550,18535,19885,18395,200000,-0.0024
2023-06-15,18595,18660,19885,18470,4000,0.0011
2023-06-14,18575,18500,19885,18490,4000,0.0062
2023-06-13,18460,18450,19885,18415,7000,-0.0059
2023-12-06,18570,18630,19885,18440,15000,-0.004
2023-09-06,18645,18540,19885,18540,13000,0.0089
2023-08-06,18480,18390,19885,18370,9000,0.0074
2023-07-06,18345,18250,19885,18250,12000,0.0016
2023-06-06,18315,18410,19885,18225,10000,-0.0054
2023-05-06,18415,18790,19885,18270,16000,-0.0091
2023-02-06,18585,18590,19885,18450,16000,0.0098
2023-01-06,18405,18325,19885,18185,18000,0.0118
2023-05-31,18190,18275,19885,18130,26000,-0.0014000000000000002
2023-05-30,18215,18280,19885,18135,21000,-0.0025
2023-05-29,18260,18340,19885,18165,27000,0.0097
2023-05-26,18085,18070,19885,17900,64000,0.0089
2023-05-25,17925,18080,19885,17790,107000,-0.0017000000000000001
2023-05-24,17955,18125,19885,17830,110000,-0.0129
2023-05-23,18190,18220,19885,18110,76000,-0.005699999999999999
2023-05-22,18295,18530,19885,18110,123000,-0.0052
2023-05-19,18390,18475,19885,18300,149000,-0.0051
2023-05-18,18485,18480,19885,18420,164000,0.0118
2023-05-17,18270,18115,19885,18085,196000,0.0066
2023-05-16,18150,18185,19885,18060,162000,0.0044
2023-05-15,18070,18000,19885,18000,5000,0.0053
2023-12-05,17975,18200,19885,17870,6000,-0.0161
2023-11-05,18270,18355,19885,18145,13000,-0.0038
2023-10-05,18340,18330,19885,18300,12000,0
2023-09-05,18340,18510,19885,18260,17000,-0.0062
2023-08-05,18455,18375,19885,18375,11000,0.0063
2023-05-05,18340,18420,19885,18290,17000,-0.008100000000000001
2023-04-05,18490,18450,19885,18400,12000,0.0008
2023-04-28,18475,18560,19885,18365,24000,-0.0059
2023-04-27,18585,18740,19885,18450,48000,-0.0067
2023-04-26,18710,18750,19885,18630,48000,-0.0053
2023-04-25,18810,18880,19885,18705,49000,-0.0045000000000000005
2023-04-24,18895,19025,19885,18825,73000,-0.0058
2023-04-21,19005,19125,19885,18850,97000,-0.005
2023-04-20,19100,19025,19885,18970,98000,0.0053
2023-04-19,19000,19030,19885,18940,156000,0.0069
2023-04-18,18870,18780,19885,18740,145000,0.0067
2023-04-17,18745,18705,19885,18690,3000,0.0024
2023-04-14,18700,18690,19885,18535,6000,0.011399999999999999
2023-04-13,18490,18435,19885,18415,6000,0.0033
2023-12-04,18430,18415,19885,18365,8000,0.0003
2023-11-04,18425,18605,19885,18350,12000,-0.0113
2023-10-04,18635,18695,19885,18580,12000,-0.0003
2023-07-04,18640,18510,19885,18510,8000,0.0032
2023-06-04,18580,18530,19885,18525,14000,-0.004
2023-04-04,18655,18730,19885,18580,10000,-0.0005
2023-03-04,18665,18690,19885,18605,13000,-0.0024
2023-03-31,18710,18700,19885,18660,19000,0.0016
2023-03-30,18680,18810,19885,18590,25000,0.0008
2023-03-29,18665,18690,19885,18620,26000,0.0032
2023-03-28,18605,18500,19885,18485,44000,0.008100000000000001
2023-03-27,18455,18395,19885,18390,43000,0.0033
2023-03-24,18395,18330,19885,18275,68000,0.0063
2023-03-23,18280,18290,19885,18220,69000,0.0040999999999999995
2023-03-22,18205,18200,19885,18145,91000,0.0019
2023-03-21,18170,18200,19885,18100,128000,0
2023-03-20,18170,18200,19885,17945,188000,-0.0003
2023-03-17,18175,18250,19885,18045,165000,0.0022
2023-03-16,18135,18210,19885,18035,187000,-0.0104
2023-03-15,18325,18300,19885,18250,3000,0.0033
2023-03-14,18265,18200,19885,18185,5000,0.0003
2023-03-13,18260,18175,19885,18000,8000,-0.0025
2023-10-03,18305,18465,19885,18200,11000,-0.0097
2023-09-03,18485,18515,19885,18420,11000,0
2023-08-03,18485,18525,19885,18395,11000,-0.006999999999999999
2023-07-03,18615,18520,19885,18510,11000,0.0013
2023-06-03,18590,18710,19885,18500,15000,-0.0034999999999999996
2023-03-03,18655,18550,19885,18510,14000,0.0013
2023-02-03,18630,18655,19885,18575,12000,0.0059
2023-01-03,18520,18440,19885,18365,19000,0.0040999999999999995
2023-02-28,18445,18415,19885,18380,27000,0.0024
2023-02-27,18400,18580,19885,18315,45000,-0.0108
2023-02-24,18600,18710,19885,18525,37000,-0.0069
2023-02-23,18730,18745,19885,18615,56000,-0.0021
2023-02-22,18770,18830,19885,18710,71000,-0.0021
2023-02-21,18810,18730,19885,18700,99000,0.0078000000000000005
2023-02-20,18665,18440,19885,18440,148000,0.008100000000000001
2023-02-17,18515,18495,19885,18445,107000,0.0068000000000000005
2023-02-16,18390,18370,19885,18250,122000,-0.0034999999999999996
2023-02-15,18455,18475,19885,18270,2000,-0.0032
2023-02-14,18515,18495,19885,18435,8000,0.0011
2023-02-13,18495,18610,19885,18400,7000,-0.0104
2023-10-02,18690,18880,19885,18520,10000,-0.0111
2023-09-02,18900,19055,19885,18820,15000,-0.0102
2023-08-02,19095,18995,19885,18950,11000,0.0032
2023-07-02,19035,18985,19885,18900,9000,0.008199999999999999
2023-06-02,18880,19040,19885,18810,15000,-0.0060999999999999995
2023-03-02,18995,19005,19885,18880,12000,-0.0052
2023-02-02,19095,19110,19885,18950,11000,0.0008
2023-01-02,19080,18895,19885,18880,14000,0.011399999999999999
2023-01-31,18865,18960,19885,18725,23000,-0.0068000000000000005
2023-01-30,18995,19300,19885,18820,38000,-0.0026
2023-01-20,19045,18925,19885,18910,49000,0.0013
2023-01-19,19020,19050,19885,18870,63000,0.0152
2023-01-18,18735,18650,19885,18550,92000,0.0083
2023-01-17,18580,18545,19885,18485,88000,0.005699999999999999
2023-01-16,18475,18480,19885,18390,3000,0.0038
2023-01-13,18405,18310,19885,18175,5000,0.0070999999999999995
2023-12-01,18275,18220,19885,18205,6000,0.0055000000000000005
2023-11-01,18175,18155,19885,18130,8000,0.0040999999999999995
2023-10-01,18100,18015,19885,18000,7000,0.0095
2023-09-01,17930,17840,19885,17760,9000,0.0053
2023-06-01,17835,18000,19885,17750,8000,0.0008
2023-05-01,17820,17835,19885,17720,8000,-0.013300000000000001
2023-04-01,18060,18205,19885,17885,12000,-0.0179
2023-03-01,18390,18710,19885,18230,18000,-0.0176
2022-12-30,18720,18765,19885,18660,11000,-0.0005
2022-12-29,18730,18750,19885,18700,17000,-0.0121
2022-12-28,18960,19020,19885,18770,43000,0.0018
2022-12-27,18925,18695,19885,18655,87000,0.014499999999999999
2022-12-26,18655,18615,19885,18545,122000,0.0013
2022-12-23,18630,18660,19885,18570,98000,-0.0029
2022-12-22,18685,18655,19885,18620,97000,0.003
2022-12-21,18630,18600,19885,18560,110000,0.0038
2022-12-20,18560,18530,19885,18465,135000,-0.0054
2022-12-19,18660,18755,19885,18510,162000,-0.0045000000000000005
2022-12-16,18745,18740,19885,18630,163000,-0.0245
2022-12-15,19215,19280,19885,19150,3000,0.0018
2022-12-14,19180,19060,19885,19035,5000,0.013500000000000002
2022-12-13,18925,18845,19885,18795,8000,-0.0055000000000000005
2022-12-12,19030,19265,19885,18865,17000,-0.013500000000000002
2022-09-12,19290,19345,19885,19200,14000,-0.0008
2022-08-12,19305,19265,19885,19195,10000,-0.0005
2022-07-12,19315,19285,19885,19210,10000,0.0005
2022-06-12,19305,19300,19885,19220,10000,-0.0044
2022-05-12,19390,19265,19885,19205,11000,0.006500000000000001
2022-02-12,19265,19170,19885,19170,15000,0.0031
2022-01-12,19205,18945,19885,18945,19000,0.016399999999999998
2022-11-30,18895,18975,19885,18795,32000,-0.005
2022-11-29,18990,18770,19885,18740,55000,0.0128
2022-11-28,18750,18880,19885,18575,93000,-0.0087
2022-11-25,18915,18960,19885,18830,126000,-0.0034000000000000002
2022-11-24,18980,18820,19885,18820,165000,0.0016
2022-11-23,18950,18960,19885,18835,190000,0.0011
2022-11-22,18930,18900,19885,18810,147000,-0.0037
2022-11-21,19000,19160,19885,18840,199000,-0.0037
2022-11-18,19070,18915,19885,18880,224000,0.0103
2022-11-17,18875,18870,19885,18715,198000,-0.0019
2022-11-16,18910,18850,19885,18830,178000,0.0034000000000000002
2022-11-15,18845,18765,19885,18720,3000,0
2022-11-14,18845,18985,19885,18500,4000,0.0021
2022-11-11,18805,18570,19885,18570,6000,0.011000000000000001
2022-10-11,18600,18600,19885,18530,7000,0
2022-09-11,18600,18550,19885,18450,12000,0.0062
2022-08-11,18485,18405,19885,18405,10000,0.0070999999999999995
2022-07-11,18355,18550,19885,18280,10000,0.0027
2022-04-11,18305,18170,19885,18130,13000,0.0074
2022-03-11,18170,17975,19885,17950,12000,0.0103
2022-02-11,17985,18095,19885,17885,12000,0.0028000000000000004
2022-01-11,17935,17650,19885,17585,21000,-0.0014000000000000002
2022-10-31,17960,18220,19885,17630,48000,-0.024399999999999998
2022-10-28,18410,18645,19885,18155,107000,-0.0147
2022-10-27,18685,18695,19885,18530,152000,0.0021
2022-10-26,18645,18480,19885,18480,152000,0.0067
2022-10-25,18520,18465,19885,18420,151000,-0.004
2022-10-24,18595,18490,19885,18460,184000,-0.0016
2022-10-21,18625,18535,19885,18470,223000,0.011699999999999999
2022-10-20,18410,18305,19885,18285,170000,0.0068000000000000005
2022-10-19,18285,18310,19885,18180,171000,-0.0022
2022-10-18,18325,18400,19885,18230,182000,-0.0158
2022-10-17,18620,18810,19885,18435,5000,-0.0075
2022-10-14,18760,18655,19885,18580,9000,0.0113
2022-10-13,18550,18520,19885,18390,11000,0.0043
2022-12-10,18470,18560,19885,18380,14000,-0.008100000000000001
2022-11-10,18620,18700,19885,18510,14000,0.0013
2022-10-10,18595,19095,19885,18070,20000,0.0106
2022-09-30,18400,18480,19885,18255,44000,0.0149
2022-09-29,18130,18090,19885,18010,48000,0.0022
2022-09-28,18090,18300,19885,17900,92000,-0.0096
2022-09-27,18265,18275,19885,18115,158000,-0.0070999999999999995
2022-09-26,18395,18480,19885,18055,248000,-0.0181
2022-09-23,18735,18740,19885,18610,162000,0.0067
2022-09-22,18610,18590,19885,18450,191000,0.0013
2022-09-21,18585,18655,19885,18465,192000,-0.0072
2022-09-20,18720,18620,19885,18610,173000,-0.0069
2022-09-19,18850,18790,19885,18680,218000,-0.004
2022-09-16,18925,18880,19885,18735,295000,0.0139
2022-09-15,18665,18500,19885,18400,6000,0.0024
2022-09-14,18620,18660,19885,18505,5000,-0.0085
2022-09-13,18780,18940,19885,18650,6000,-0.0021
2022-09-09,18820,18650,19885,18570,12000,0.0151
2022-08-09,18540,18370,19885,18310,10000,0.0079
2022-07-09,18395,18460,19885,18270,12000,-0.0051
2022-06-09,18490,18485,19885,18400,12000,0.0046
2022-05-09,18405,18220,19885,18180,12000,0.0149
2022-02-09,18135,17985,19885,17940,16000,-0.009300000000000001
2022-01-09,18305,18385,19885,18000,22000,-0.0070999999999999995
2022-08-31,18435,18350,19885,18310,29000,-0.0091
2022-08-30,18605,18785,19885,18400,58000,-0.022099999999999998
2022-08-29,19025,18970,19885,18675,117000,0.0104
2022-08-26,18830,18915,19885,18740,152000,-0.0058
2022-08-25,18940,18940,19885,18840,193000,0.0019
2022-08-24,18905,18780,19885,18665,253000,0.0167
2022-08-23,18595,18440,19885,18440,187000,0.003
2022-08-22,18540,18400,19885,18355,223000,0.0038
2022-08-19,18470,18490,19885,18370,215000,-0.0051
2022-08-18,18565,18640,19885,18320,255000,0.0038
2022-08-17,18495,18250,19885,18245,290000,0.028399999999999998
2022-08-16,17985,17975,19885,17725,261000,-0.0239
2022-08-15,18425,19005,19885,18040,4000,-0.0298
2022-12-08,18990,19025,19885,18890,7000,0.0021
2022-11-08,18950,18915,19885,18875,9000,0.0045000000000000005
2022-10-08,18865,18900,19885,18740,10000,0.0129
2022-09-08,18625,18600,19885,18530,10000,0.0054
2022-08-08,18525,18700,19885,18465,12000,-0.0051
2022-05-08,18620,18385,19885,18340,14000,0.0128
2022-04-08,18385,18325,19885,18195,19000,0.0070999999999999995
2022-03-08,18255,18195,19885,18080,13000,0.0069
2022-02-08,18130,18285,19885,17980,15000,-0.0147
2022-01-08,18400,18775,19885,18105,22000,-0.016
2022-07-29,18700,18620,19885,18590,33000,0.0182
2022-07-28,18365,17975,19885,17975,63000,0.0177
2022-07-27,18045,17960,19885,17885,70000,0.0095
2022-07-26,17875,17845,19885,17730,132000,-0.0060999999999999995
2022-07-25,17985,18050,19885,17710,229000,0.0033
2022-07-22,17925,17905,19885,17790,187000,-0.0044
2022-07-21,18005,18045,19885,17805,218000,0.0064
2022-07-20,17890,18030,19885,17760,238000,-0.0078000000000000005
2022-07-19,18030,17830,19885,17825,321000,0.024700000000000003
2022-07-18,17595,17330,19885,17270,357000,0.0171
2022-07-15,17300,17295,19885,17080,3000,-0.0029
2022-07-14,17350,17180,19885,17070,4000,-0.009399999999999999
2022-07-13,17515,17905,19885,17230,8000,-0.0242
2022-12-07,17950,18180,19885,17600,10000,-0.016200000000000003
2022-11-07,18245,18500,19885,18130,9000,-0.013300000000000001
2022-08-07,18490,18505,19885,18385,9000,0.0079
2022-07-07,18345,18410,19885,18230,13000,0.004699999999999999
2022-06-07,18260,18465,19885,18085,16000,-0.0292
2022-05-07,18810,19065,19885,18485,18000,-0.016
2022-04-07,19115,18955,19885,18890,13000,0.005
2022-01-07,19020,19040,19885,18890,16000,-0.011699999999999999
2022-06-30,19245,19375,19885,19090,23000,-0.006500000000000001
2022-06-29,19370,19500,19885,19230,33000,0.0036
2022-06-28,19300,19285,19885,19200,53000,0.0121
2022-06-27,19070,19040,19885,18705,164000,-0.0109
2022-06-24,19280,19425,19885,18960,234000,-0.0064
2022-06-23,19405,19300,19885,19220,241000,-0.016200000000000003
2022-06-22,19725,19740,19885,19400,242000,0.0005
2022-06-21,19715,19480,19885,19450,237000,0.0015
2022-06-20,19685,19760,19885,19500,263000,0.0005
2022-06-17,19675,19820,19885,19445,333000,-0.0189
2022-06-16,20055,19915,19885,19855,248000,0.0144
2022-06-15,19770,18880,19885,18880,5000,-0.0085
2022-06-14,19940,20180,19885,19820,6000,-0.008199999999999999
2022-06-13,20105,20500,19885,19865,9000,-0.022099999999999998
2022-10-06,20560,20550,19885,20500,10000,-0.0141
2022-09-06,20855,20795,19885,20785,8000,0.0036
2022-08-06,20780,20750,19885,20670,10000,-0.0026
2022-07-06,20835,20895,19885,20720,12000,-0.0045000000000000005
2022-06-06,20930,20660,19885,20660,17000,0.0202
2022-02-06,20515,20175,19885,20175,17000,0.0106
2022-01-06,20300,20650,19885,20070,31000,-0.0233
2022-05-31,20785,20825,19885,20730,24000,0.0012
2022-05-30,20760,20790,19885,20685,38000,0.001
2022-05-27,20740,20515,19885,20515,51000,0.0097
2022-05-26,20540,20505,19885,20430,82000,0.0044
2022-05-25,20450,20305,19885,20305,132000,-0.008
2022-05-24,20615,20870,19885,20455,176000,-0.0127
2022-05-23,20880,20820,19885,20750,190000,0.006999999999999999
2022-05-20,20735,20505,19885,20505,220000,0.0154
2022-05-19,20420,20335,19885,20150,265000,0.0007000000000000001
2022-05-18,20405,20480,19885,20320,181000,-0.002
2022-05-17,20445,20600,19885,20210,219000,-0.0073
2022-05-16,20595,20460,19885,20340,4000,0.020099999999999996
2022-05-13,20190,20275,19885,19950,6000,-0.0032
2022-12-05,20255,20225,19885,20095,14000,0.0062
2022-11-05,20130,19830,19885,19790,14000,0.0182
2022-10-05,19770,19700,19885,19555,15000,-0.0008
2022-09-05,19785,19930,19885,19665,18000,-0.025099999999999997
2022-06-05,20295,20350,19885,20025,19000,-0.0203
2022-05-05,20715,20830,19885,20480,21000,-0.0055000000000000005
2022-04-29,20830,20880,19885,20740,25000,-0.0022
2022-04-28,20875,20750,19885,20700,33000,0.0075
2022-04-27,20720,20605,19885,20540,49000,0.0019
2022-04-26,20680,20500,19885,20285,79000,-0.026600000000000002
2022-04-25,21245,21845,19885,20650,147000,-0.0292
2022-04-22,21885,21895,19885,21820,61000,0.0021
2022-04-21,21840,21845,19885,21730,101000,0.0018
2022-04-20,21800,21795,19885,21720,142000,-0.012
2022-04-19,22065,21895,19885,21885,184000,0.011899999999999999
2022-04-18,21805,21820,19885,21670,162000,0.0034999999999999996
2022-04-15,21730,21520,19885,21520,3000,0.0161
2022-04-14,21385,21300,19885,21150,11000,0.0106
2022-04-13,21160,21060,19885,20850,9000,0.011699999999999999
2022-12-04,20915,21125,19885,20655,17000,-0.0213
2022-11-04,21370,21850,19885,20855,19000,-0.0213
2022-08-04,21835,21695,19885,21680,12000,-0.0131
2022-07-04,22125,22640,19885,21785,20000,-0.0204
2022-06-04,22585,22510,19885,22485,13000,-0.0062
2022-01-04,22725,22655,19885,22620,14000,-0.0013
2022-03-31,22755,23065,19885,22620,26000,0.0026
2022-03-30,22695,22700,19885,22400,40000,-0.013000000000000001
2022-03-29,22995,23000,19885,22915,30000,0.0004
2022-03-28,22985,23100,19885,22885,54000,-0.002
2022-03-25,23030,23140,19885,22900,61000,-0.0095
2022-03-24,23250,23150,19885,23105,57000,0.012199999999999999
2022-03-23,22970,23055,19885,22820,53000,-0.0004
2022-03-22,22980,23025,19885,22775,61000,-0.0013
2022-03-21,23010,22580,19885,22580,91000,0.019299999999999998
2022-03-18,22575,22340,19885,22220,131000,0.0222
2022-03-17,22085,21895,19885,21870,175000,0.0187
2022-03-16,21680,21235,19885,21235,190000,-0.0055000000000000005
2022-03-15,21800,21930,19885,21600,5000,-0.0048
2022-03-14,21905,22030,19885,21750,3000,-0.0002
2022-11-03,21910,21930,19885,21750,5000,0.0184
2022-10-03,21515,21630,19885,21170,11000,-0.0207
2022-09-03,21970,21910,19885,21090,15000,-0.044800000000000006
2022-08-03,23000,23850,19885,22545,28000,-0.0364
2022-07-03,23870,23545,19885,23390,21000,0.014199999999999999
2022-04-03,23535,23800,19885,23390,21000,-0.0028000000000000004
2022-03-03,23600,23170,19885,23070,30000,0.0301
2022-02-03,22910,22850,19885,22835,21000,0.0121
2022-01-03,22635,22680,19885,22555,19000,-0.0011
2022-02-28,22660,22330,19885,22320,45000,-0.0060999999999999995
2022-02-25,22800,23220,19885,22445,91000,-0.0009
2022-02-24,22820,22745,19885,22610,95000,-0.0026
2022-02-23,22880,23000,19885,22725,118000,0.0002
2022-02-22,22875,22600,19885,22595,213000,0.012199999999999999
2022-02-21,22600,22760,19885,22450,219000,-0.0062
2022-02-18,22740,22620,19885,22570,240000,0.0033
2022-02-17,22665,22745,19885,22565,191000,0.0064
2022-02-16,22520,22645,19885,22360,199000,-0.0053
2022-02-15,22640,22740,19885,22365,6000,0.0007000000000000001
2022-02-14,22625,22620,19885,22235,7000,-0.0109
2022-11-02,22875,23220,19885,22650,14000,-0.017
2022-10-02,23270,22990,19885,22980,19000,0.018600000000000002
2022-09-02,22845,22805,19885,22660,15000,0.0178
2022-08-02,22445,22320,19885,21965,20000,0.009899999999999999
2022-07-02,22225,21840,19885,21840,17000,0.0277
2022-01-28,21625,21590,19885,21475,19000,0.006999999999999999
2022-01-27,21475,21420,19885,21345,27000,0.0005
2022-01-26,21465,21185,19885,21110,47000,0.0166
2022-01-25,21115,20985,19885,20985,61000,-0.0026
2022-01-24,21170,21360,19885,20920,105000,-0.0147
2022-01-21,21485,21610,19885,21260,113000,0.0002
2022-01-20,21480,21645,19885,21200,176000,0.0002
2022-01-19,21475,21215,19885,21200,181000,0.0151
2022-01-18,21155,21060,19885,21015,186000,-0.0007000000000000001
2022-01-17,21170,21500,19885,20920,5000,-0.0019
2022-01-14,21210,21495,19885,21030,5000,-0.014199999999999999
2022-01-13,21515,21645,19885,21260,13000,-0.0058
2022-12-01,21640,21595,19885,21520,17000,0.006500000000000001
2022-11-01,21500,21210,19885,21160,23000,0.0175
2022-10-01,21130,21050,19885,20965,17000,0.0064
2022-07-01,20995,20780,19885,20710,25000,0.016200000000000003
2022-06-01,20660,20400,19885,20400,22000,0.019
2022-05-01,20275,20255,19885,20120,18000,0.0037
2022-04-01,20200,20400,19885,20080,16000,-0.0091
2021-12-31,20385,20265,19885,20265,16000,0.0077
2021-12-30,20230,19895,19885,19895,36000,0.018600000000000002
2021-12-29,19860,19845,19885,19765,30000,0.005600000000000001
2021-12-28,19750,19650,19885,19615,44000,-0.006500000000000001
2021-12-27,19880,20170,19885,19610,84000,-0.011399999999999999
2021-12-24,20110,20190,19885,19955,97000,-0.0049
2021-12-23,20210,20200,19885,20105,121000,0.0197
2021-12-22,19820,19715,19885,19675,184000,0.0141
2021-12-21,19545,19505,19885,19440,176000,-0.0084
2021-12-20,19710,19785,19885,19575,262000,0.0115
2021-12-17,19485,19215,19885,19215,306000,0.0223
2021-12-16,19060,18945,19885,18870,261000,-0.001
2021-12-15,19080,19195,19885,18920,3000,-0.0042
2021-12-14,19160,19155,19885,19070,7000,0.016399999999999998
2021-12-13,18850,18850,19885,18700,16000,0.0008
2021-10-12,18835,18770,19885,18680,15000,0.0034999999999999996
2021-09-12,18770,18870,19885,18700,9000,-0.0032
2021-08-12,18830,18810,19885,18720,7000,0.0043
2021-07-12,18750,18725,19885,18660,10000,-0.0027
2021-06-12,18800,18895,19885,18620,13000,0.0005
2021-03-12,18790,18800,19885,18580,13000,-0.0048
2021-02-12,18880,19110,19885,18730,16000,-0.0058
2021-01-12,18990,18855,19885,18810,13000,0.0024
2021-11-30,18945,19060,19885,18745,27000,0.0021
2021-11-29,18905,18795,19885,18620,38000,-0.0177
2021-11-26,19245,19675,19885,18905,50000,-0.008
2021-11-25,19400,19350,19885,19260,57000,0.011200000000000002
2021-11-24,19185,19180,19885,19045,58000,0.0013
2021-11-23,19160,19050,19885,18965,71000,0.0031
2021-11-22,19100,18995,19885,18915,70000,0.0176
2021-11-19,18770,18565,19885,18225,126000,0.0116
2021-11-18,18555,18780,19885,18310,98000,0.0016
2021-11-17,18525,18750,19885,18260,153000,-0.0229
2021-11-16,18960,19330,19885,18615,199000,-0.0191
2021-11-15,19330,19400,19885,19115,5000,-0.0028000000000000004
2021-12-11,19385,19500,19885,19235,7000,0.0165
2021-11-11,19070,18775,19885,18720,11000,0.0195
2021-10-11,18705,18955,19885,18530,16000,-0.015300000000000001
2021-09-11,18995,18940,19885,18745,11000,0.0032
2021-08-11,18935,18700,19885,18610,11000,0.011200000000000002
2021-05-11,18725,19710,19885,18485,16000,-0.0593
2021-04-11,19905,20295,19885,19680,15000,-0.009899999999999999
2021-03-11,20105,19585,19885,19585,18000,0.0022
2021-02-11,20060,20060,19885,19500,16000,-0.0027
2021-01-11,20115,19775,19885,19570,20000,-0.0067
2021-10-29,20250,20050,19885,19510,40000,0.028999999999999998
2021-10-28,19680,19935,19885,19250,86000,-0.052000000000000005
2021-10-27,20760,21185,19885,20070,102000,-0.0163
2021-10-26,21105,21630,19885,20715,115000,-0.017
2021-10-25,21470,21860,19885,20500,204000,-0.0239
2021-10-22,21995,22600,19885,21375,273000,-0.053399999999999996
2021-10-21,23235,23000,19885,22700,263000,-0.0066
2021-10-20,23390,24260,19885,22420,545000,-0.038599999999999995
2021-10-19,24330,24680,19885,24105,353000,0.0008
2021-10-18,24310,24540,19885,23815,550000,0.0273
2021-10-15,23665,23830,19885,23315,4000,0.012
2021-10-14,23385,23800,19885,23050,9000,-0.009300000000000001
2021-10-13,23605,23700,19885,21675,11000,0.0109
2021-12-10,23350,23355,19885,23185,21000,0.015
2021-11-10,23005,22805,19885,22770,22000,0.0052
2021-08-10,22885,22900,19885,22685,19000,0.006999999999999999
2021-09-30,22725,22825,19885,22410,39000,-0.006999999999999999
2021-09-29,22885,22795,19885,22665,64000,0.0108
2021-09-28,22640,22850,19885,22485,66000,-0.0146
2021-09-27,22975,23150,19885,22665,146000,-0.009899999999999999
2021-09-24,23205,23520,19885,22760,191000,-0.0066
2021-09-23,23360,23100,19885,23080,188000,0.0199
2021-09-22,22905,22400,19885,22300,196000,0.0126
2021-09-17,22620,22530,19885,22425,292000,-0.0022
2021-09-16,22670,22570,19885,22175,481000,0.0166
2021-09-15,22300,22470,19885,21925,4000,-0.0239
2021-09-14,22845,23575,19885,22300,5000,-0.028300000000000002
2021-09-13,23510,22875,19885,22820,8000,0.0364
2021-10-09,22685,22505,19885,22420,15000,0.018600000000000002
2021-09-09,22270,22030,19885,22020,10000,0.019
2021-08-09,21855,21775,19885,21725,12000,0.0046
2021-07-09,21755,21725,19885,21655,17000,0.0018
2021-06-09,21715,21455,19885,21330,17000,0.018500000000000003
2021-03-09,21320,21350,19885,21260,14000,0.0060999999999999995
2021-02-09,21190,20905,19885,20905,20000,0.0007000000000000001
2021-01-09,21175,21300,19885,21080,29000,-0.0066
2021-08-31,21315,21415,19885,21210,29000,0.0092
2021-08-30,21120,20885,19885,20810,59000,0.0213
2021-08-27,20680,20475,19885,20460,52000,0.008
2021-08-26,20515,20590,19885,20395,54000,-0.0029
2021-08-25,20575,20460,19885,20420,92000,0.0088
2021-08-24,20395,20450,19885,20295,79000,0.0059
2021-08-23,20275,20035,19885,20000,159000,0.015
2021-08-20,19975,19805,19885,19660,210000,-0.0027
2021-08-19,20030,20215,19885,19900,265000,-0.0131
2021-08-18,20295,20450,19885,20000,266000,-0.0027
2021-08-17,20350,20175,19885,20135,238000,0.0059
2021-08-16,20230,20145,19885,20105,3000,0.009000000000000001
2021-08-13,20050,20055,19885,20000,7000,-0.0022
2021-12-08,20095,20095,19885,20055,7000,-0.0015
2021-11-08,20125,20020,19885,19990,9000,0.0128
2021-10-08,19870,19855,19885,19810,10000,-0.0033
2021-09-08,19935,19965,19885,19825,8000,0.0015
2021-06-08,19905,19780,19885,19760,10000,0.0086
2021-05-08,19735,19715,19885,19630,11000,-0.0013
2021-04-08,19760,19745,19885,19700,8000,-0.0023
2021-03-08,19805,19970,19885,19690,15000,-0.0058
2021-02-08,19920,20145,19885,19830,16000,0.002
2021-07-30,19880,19640,19885,19640,29000,0.0166
2021-07-29,19555,19420,19885,19420,28000,0.006999999999999999
2021-07-28,19420,19530,19885,19325,44000,-0.0087
2021-07-27,19590,19590,19885,19445,57000,0.0023
2021-07-26,19545,19415,19885,19355,81000,0.012199999999999999
2021-07-23,19310,19210,19885,19165,80000,0.0115
2021-07-22,19090,18915,19885,18830,116000,0.0034000000000000002
2021-07-21,19025,19015,19885,18855,213000,-0.0011
2021-07-20,19045,19100,19885,18955,218000,-0.0168
2021-07-19,19370,19470,19885,19240,181000,-0.0064
2021-07-16,19495,19260,19885,19260,206000,0.0088
2021-07-15,19325,19440,19885,19175,3000,0.0042
2021-07-14,19245,19280,19885,19160,4000,0.001
2021-07-13,19225,19075,19885,18975,7000,0.006
2021-12-07,19110,18995,19885,18870,10000,0.0127
2021-09-07,18870,18760,19885,18745,8000,0.0032
2021-08-07,18810,18940,19885,18765,13000,-0.0037
2021-07-07,18880,19135,19885,18815,12000,-0.0138
2021-06-07,19145,19235,19885,19095,13000,0.0005
2021-05-07,19135,18935,19885,18885,14000,0.021400000000000002
2021-02-07,18735,18635,19885,18575,10000,0.0003
2021-01-07,18730,18770,19885,18615,25000,-0.0043
2021-06-30,18810,18895,19885,18730,24000,-0.0021
2021-06-29,18850,18860,19885,18760,33000,-0.0029
2021-06-28,18905,19095,19885,18760,56000,0.0045000000000000005
2021-06-25,18820,18630,19885,18630,75000,0.0029
2021-06-24,18765,18795,19885,18570,113000,0.0019
2021-06-23,18730,18610,19885,18540,129000,0.0124
2021-06-22,18500,18300,19885,18295,175000,0.009000000000000001
2021-06-21,18335,18350,19885,18235,229000,-0.0073
2021-06-18,18470,18465,19885,18370,271000,-0.013600000000000001
2021-06-17,18725,18650,19885,18585,268000,-0.0005
2021-06-16,18735,18915,19885,18465,254000,-0.015
2021-06-15,19020,19100,19885,18855,5000,0.0066
2021-11-06,18895,18460,19885,18410,9000,0.021400000000000002
2021-10-06,18500,18430,19885,18405,11000,0.0054
2021-09-06,18400,18310,19885,18310,14000,0.0019
2021-08-06,18365,18400,19885,18260,15000,-0.006500000000000001
2021-07-06,18485,18365,19885,18330,13000,0.0104
2021-04-06,18295,18340,19885,18225,12000,-0.013500000000000002
2021-03-06,18545,18610,19885,18365,15000,-0.005600000000000001
2021-02-06,18650,18815,19885,18545,20000,-0.0059
2021-01-06,18760,18790,19885,18645,16000,-0.0034999999999999996
2021-05-31,18825,18630,19885,18580,34000,0.0045000000000000005
2021-05-28,18740,18575,19885,18500,36000,0.0182
2021-05-27,18405,18015,19885,18015,38000,0.0049
2021-05-26,18315,18335,19885,18185,49000,-0.0014000000000000002
2021-05-25,18340,18105,19885,18105,106000,-0.0046
2021-05-24,18425,19200,19885,17965,186000,-0.0184
2021-05-21,18770,19060,19885,18395,225000,-0.015
2021-05-20,19055,19220,19885,18800,285000,-0.0231
2021-05-19,19505,19610,19885,19220,254000,-0.011899999999999999
2021-05-18,19740,19695,19885,19580,252000,0.0051
2021-05-17,19640,19415,19885,19415,3000,0.0040999999999999995
2021-05-14,19560,19600,19885,19010,6000,-0.0091
2021-05-13,19740,19645,19885,19570,12000,-0.0095
2021-12-05,19930,19950,19885,19820,11000,-0.0018
2021-11-05,19965,20275,19885,19560,21000,-0.0084
2021-10-05,20135,19810,19885,19810,23000,0.0195
2021-07-05,19750,19455,19885,19375,18000,0.0265
2021-06-05,19240,19080,19885,19080,17000,0.020099999999999996
2021-04-30,18860,18755,19885,18745,25000,0.0064
2021-04-29,18740,18510,19885,18450,31000,0.0171
2021-04-28,18425,18485,19885,18335,38000,-0.0046
2021-04-27,18510,18445,19885,18380,63000,0.0098
2021-04-26,18330,18340,19885,18155,87000,0.004699999999999999
2021-04-23,18245,18180,19885,18100,118000,0.0044
2021-04-22,18165,18020,19885,18010,165000,0.0092
2021-04-21,18000,18010,19885,17895,201000,-0.0074
2021-04-20,18135,18180,19885,18040,175000,0.0033
2021-04-19,18075,18000,19885,17920,223000,-0.0074
2021-04-16,18210,18345,19885,17905,357000,0.0097
2021-04-15,18035,17820,19885,17820,4000,0.0104
2021-04-14,17850,17750,19885,17700,6000,0.015600000000000001
2021-04-13,17575,17390,19885,17390,10000,0.0095
2021-12-04,17410,17540,19885,17320,20000,-0.005699999999999999
2021-09-04,17510,17570,19885,17470,13000,0.0009
2021-08-04,17495,17465,19885,17415,14000,0.0017000000000000001
2021-07-04,17465,17545,19885,17390,12000,-0.0043
2021-06-04,17540,17585,19885,17455,13000,0.0029
2021-02-04,17490,17425,19885,17380,13000,0.0116
2021-01-04,17290,17230,19885,17100,17000,0.0052
2021-03-31,17200,17300,19885,17105,25000,-0.0109
2021-03-30,17390,17360,19885,17320,19000,-0.0032
2021-03-29,17445,17495,19885,17330,32000,0.0084
2021-03-26,17300,17100,19885,17035,33000,0.0064
2021-03-25,17190,17255,19885,17060,51000,0.0059
2021-03-24,17090,17050,19885,16990,37000,-0.0049
2021-03-23,17175,17680,19885,16500,119000,-0.0216
2021-03-22,17555,17515,19885,17380,68000,0.0075
2021-03-19,17425,17520,19885,17310,84000,-0.0147
2021-03-18,17685,17815,19885,17445,117000,0.0026
2021-03-17,17640,17520,19885,17520,93000,-0.0101
2021-03-16,17820,17665,19885,17625,173000,0.015700000000000002
2021-03-15,17545,16350,19885,16350,3000,0.0115
2021-12-03,17345,17485,19885,17145,4000,-0.004
2021-11-03,17415,17300,19885,17200,7000,0.0155
2021-10-03,17150,17110,19885,16925,8000,-0.0038
2021-09-03,17215,17250,19885,17030,9000,-0.0118
2021-08-03,17420,17265,19885,17190,10000,0.011899999999999999
2021-05-03,17215,17235,19885,17070,14000,-0.0177
2021-04-03,17525,17575,19885,17200,16000,0.0052
2021-03-03,17435,17080,19885,17080,18000,0.028300000000000002
2021-02-03,16955,17135,19885,16800,19000,-0.008199999999999999
2021-01-03,17095,17345,19885,16895,33000,-0.0161
2021-02-26,17375,17480,19885,17055,57000,0.0055000000000000005
2021-02-25,17280,16680,19885,16680,76000,0.0366
2021-02-24,16670,16650,19885,16550,54000,-0.0024
2021-02-23,16710,16655,19885,16570,85000,0.0027
2021-02-22,16665,16490,19885,16390,136000,0.008199999999999999
2021-02-19,16530,16650,19885,16385,148000,0.011000000000000001
2021-02-18,16350,16025,19885,16025,112000,0.030899999999999997
2021-10-02,15860,15865,19885,15760,150000,0.0006
2021-09-02,15850,15810,19885,15735,165000,0.011200000000000002
2021-08-02,15675,15630,19885,15540,177000,0.0074
2021-05-02,15560,15500,19885,15450,2000,0.0173
2021-04-02,15295,15080,19885,15050,3000,0.0166
2021-03-02,15045,15110,19885,15000,4000,-0.0073
2021-02-02,15155,15285,19885,15010,14000,-0.0026
2021-01-02,15195,15035,19885,14970,14000,0.016399999999999998
2021-01-29,14950,14935,19885,14880,21000,0.0078000000000000005
2021-01-28,14835,14860,19885,14785,24000,-0.0034000000000000002
2021-01-27,14885,14895,19885,14850,18000,0.0007000000000000001
2021-01-26,14875,14970,19885,14795,29000,-0.006
2021-01-25,14965,14880,19885,14765,47000,0.0013
2021-01-22,14945,14965,19885,14795,52000,0.003
2021-01-21,14900,14805,19885,14725,45000,0.011899999999999999
2021-01-20,14725,14770,19885,14650,41000,-0.0074
2021-01-19,14835,14900,19885,14730,50000,-0.009000000000000001
2021-01-18,14970,14865,19885,14795,95000,0.005
2021-01-15,14895,14795,19885,14750,4000,0.0102
2021-01-14,14745,14675,19885,14650,7000,-0.0127
2021-01-13,14935,15140,19885,14710,10000,-0.0109
2021-12-01,15100,15250,19885,14970,12000,-0.015600000000000001
2021-11-01,15340,15510,19885,15220,14000,-0.0192
2021-08-01,15640,15440,19885,15430,13000,0.01
2021-07-01,15485,15610,19885,15380,11000,-0.0070999999999999995
2021-06-01,15595,15640,19885,15485,10000,0
2021-05-01,15595,15680,19885,15500,14000,0.0058
2021-04-01,15505,15610,19885,15425,12000,-0.0115
